﻿<?xml version="1.0" encoding="utf-8" standalone="no"?>
<!DOCTYPE dotfuscatorreferencerules SYSTEM "http://www.preemptive.com/dotfuscator/dtd/dotfuscatorReferenceRule_v1.1.dtd">
<dotfuscatorreferencerules>
  <referencerule rulekey="{F4074361-D4CE-4e40-B907-BA9668A45996}"
                 ruleisdefault="false"
                 name="WCF 合約物件">
    <comment>防止移除以 OperationContract、ServiceContract、DataContract 或 DataMember 屬性裝飾的型別和成員。</comment>
    <triggerlist>
      <type name=".*"
            regex="true">
        <customattribute name="System\.ServiceModel\.ServiceContractAttribute"
                         regex="true"
                         allowinheritance="true" />
        <customattribute name="System\.Runtime\.Serialization\.DataContractAttribute"
                         regex="true" />
        <method name=".*"
                regex="true">
          <customattribute name="System\.ServiceModel\.OperationContractAttribute"
                           regex="true" />
        </method>
        <field name="Field"
               regex="true">
          <customattribute name="System\.Runtime\.Serialization\.DataMemberAttribute"
                           regex="true" />
        </field>
        <propertymember name=".*"
                        regex="true">
          <customattribute name="System\.Runtime\.Serialization\.DataMemberAttribute"
                           regex="true" />
        </propertymember>
      </type>
    </triggerlist>
  </referencerule>
  <referencerule rulekey="{6655B10A-FD58-462d-8D4F-5B1316DFF0FF}"
                 ruleisdefault="true"
                 name="自動產生的 ResourceManager">
    <comment>排除由 Visual Studio 自動產生的資源類別。它會根據字串值所指定的類別名稱，使用反映 (Reflection) 建立 ResourceManager 的執行個體。</comment>
    <excludelist>
      <type name=".*[(Properties)(My)]\.Resources"
            regex="true" />
    </excludelist>
  </referencerule>
  <referencerule rulekey="{7D9C8B02-2383-420f-8740-A9760394C2C1}"
                 ruleisdefault="true"
                 name="型別與欄位標記為可序列化">
    <comment>排除所有可序列化型別。這也會從重新命名排除所有可序列化欄位。</comment>
    <excludelist>
      <type name=".*"
            regex="true"
            speclist="+serializable">
        <comment>排除所有可序列化型別。這也會從重新命名排除所有可序列化欄位。</comment>
        <field name=".*"
               speclist="-notserialized"
               regex="true" />
      </type>
    </excludelist>
  </referencerule>
  <referencerule rulekey="{229FD6F8-5BCC-427b-8F72-A7A413ECDF1A}"
                 ruleisdefault="true"
                 name="具有 System.Web.Services 屬性的型別">
    <comment>從 System.Web.Services 命名空間排除所有以屬性裝飾的型別。</comment>
    <excludelist>
      <type name=".*"
            regex="true">
        <comment>從 System.Web.Services 命名空間排除所有以屬性裝飾的型別。</comment>
        <customattribute name="System.Web.Services.*"
                         regex="true" />
      </type>
    </excludelist>
  </referencerule>
  <referencerule rulekey="{2B7E7C8C-A39A-4db8-9DFC-6AFD38509061}"
                 ruleisdefault="true"
                 name="具有 System.Web.Services 屬性的方法">
    <comment>從 System.Web.Services 命名空間排除所有以屬性裝飾的方法。</comment>
    <excludelist>
      <type name=".*"
            regex="true"
            excludetype="false">
        <comment>從 System.Web.Services 命名空間排除所有以屬性裝飾的方法。</comment>
        <method name=".*"
                regex="true">
          <customattribute name="System.Web.Services.*"
                           regex="true" />
        </method>
      </type>
    </excludelist>
  </referencerule>
  <referencerule rulekey="{D97286EB-CF80-4ae8-94D4-E90131E6D0D7}"
                 ruleisdefault="false"
                 name="具有 AccessedThroughPropertyAttribute 的欄位">
    <comment>從 System.Runtime.CompilerServices 命名空間排除以 AccessedThroughPropertyAttribute 裝飾的欄位。在 Visual Basic 中，任何可存取的 WithEvents 屬性 (Property) 都會包含具有此屬性 (Attribute) 的私用欄位。在編譯期間不會去除此屬性，如此其他組件可能會透過反映來檢查此屬性，所以只有在程式庫模式時才需使用此規則。</comment>
    <excludelist>
      <type name=".*"
            regex="true"
            excludetype="false">
        <comment>從 System.Runtime.CompilerServices 命名空間排除以 AccessedThroughPropertyAttribute 裝飾的欄位。在 Visual Basic 中，任何可存取的 WithEvents 屬性 (Property) 都會包含具有此屬性 (Attribute) 的私用欄位。在編譯期間不會去除此屬性，如此其他組件可能會透過反映來檢查此屬性，所以只有在程式庫模式時才需使用此規則。</comment>
        <field name=".*"
               regex="true">
          <customattribute name="System\.Runtime\.CompilerServices\.AccessedThroughPropertyAttribute"
                           regex="true" />
        </field>
      </type>
    </excludelist>
  </referencerule>
  <referencerule rulekey="{494EA3BA-B947-44B5-BEE8-A11CC85AAF9B}"
                 ruleisdefault="true"
                 name="Silverlight 和 WPF UserControls 的欄位">
    <comment>排除所有超級型別為 System.Windows.Controls.UserControl 的欄位。</comment>
    <excludelist>
      <type name=".*"
            regex="true"
            excludetype="false">
        <field name=".*"
               regex="true" />
        <supertype name="System.Windows.Controls.UserControl" />
      </type>
    </excludelist>
  </referencerule>
  <referencerule rulekey="{AB89403F-5E08-4adf-8386-6D34AF0ADBD3}"
                 ruleisdefault="false"
                 name="CrystalReport ReportClass 物件">
    <comment>排除所有超級型別為 CrystalDecisions.CrystalReports.Engine.ReportClass 的型別</comment>
    <excludelist>
      <type name=".*"
            regex="true">
        <comment>排除所有超級型別為 CrystalDecisions.CrystalReports.Engine.ReportClass 的型別</comment>
        <supertype name="CrystalDecisions\.CrystalReports\.Engine\.ReportClass"
                   regex="true" />
      </type>
    </excludelist>
  </referencerule>
  <referencerule rulekey="{89769974-93E9-4e71-8D92-BE70E855ACFC}"
                 ruleisdefault="true"
                 name="自動產生的應用程式設定">
    <comment>排除所有超級型別為 System.Configuration.ApplicationSettingsBase 的型別</comment>
    <excludelist>
      <type name=".*"
            regex="true">
        <supertype name="System\.Configuration\.ApplicationSettingsBase"
                   regex="true" />
      </type>
    </excludelist>
  </referencerule>
  <referencerule rulekey="{6f022A59-3AD6-4C69-8D9B-6870B9B9E362}"
                 ruleisdefault="false"
                 name="Windows 工作流程活動">
    <comment>排除所有超級型別為 System.Workflow.ComponentModel.Activity 的型別</comment>
    <excludelist>
      <type name=".*"
            regex="true">
        <supertype name=".*Activity"
                   regex="true" />
      </type>
    </excludelist>
  </referencerule>
  <referencerule rulekey="{4D81E604-A545-4631-8B6D-C3735F793F80}"
                 ruleisdefault="true"
                 name="Windows Phone 排程工作代理程式">
    <comment>排除所有超級型別為 Microsoft.Phone.Scheduler.ScheduledTaskAgent 的型別</comment>
    <excludelist>
      <type name=".*"
            regex="true">
        <supertype name="Microsoft.Phone.Scheduler.ScheduledTaskAgent" />
      </type>
    </excludelist>
  </referencerule>
   <referencerule rulekey="{62bd3899-7d53-4336-8ca2-4e5dbae187d5}"
                 ruleisdefault="true"
                 name="具有 CompilerGeneratedAttributee 的匿名類型屬性">
    <comment>不包含所有具有 System.Runtime.CompilerServices.CompilerGeneratedAttribute 的匿名類型屬性</comment>
    <excludelist>
     <type name=".*AnonymousType.*" regex="true" excludetype="false">
        <customattribute name="System\.Runtime\.CompilerServices\.CompilerGeneratedAttribute" regex="true" />
        <propertymember name="*" regex="true" />
      </type>
    </excludelist>
  </referencerule>
</dotfuscatorreferencerules>