﻿<?xml version="1.0" encoding="utf-8" standalone="no"?>
<!DOCTYPE dotfuscatorreferencerules SYSTEM "http://www.preemptive.com/dotfuscator/dtd/dotfuscatorReferenceRule_v1.1.dtd">
<dotfuscatorreferencerules>
  <referencerule rulekey="{F4074361-D4CE-4e40-B907-BA9668A45996}"
                 ruleisdefault="false"
                 name="Objets Contract WCF">
    <comment>Empêche la suppression de types et de membres décorés avec des attributs OperationContract, ServiceContract, DataContract ou DataMember.</comment>
    <triggerlist>
      <type name=".*"
            regex="true">
        <customattribute name="System\.ServiceModel\.ServiceContractAttribute"
                         regex="true"
                         allowinheritance="true" />
        <customattribute name="System\.Runtime\.Serialization\.DataContractAttribute"
                         regex="true" />
        <method name=".*"
                regex="true">
          <customattribute name="System\.ServiceModel\.OperationContractAttribute"
                           regex="true" />
        </method>
        <field name="Field"
               regex="true">
          <customattribute name="System\.Runtime\.Serialization\.DataMemberAttribute"
                           regex="true" />
        </field>
        <propertymember name=".*"
                        regex="true">
          <customattribute name="System\.Runtime\.Serialization\.DataMemberAttribute"
                           regex="true" />
        </propertymember>
      </type>
    </triggerlist>
  </referencerule>
  <referencerule rulekey="{6655B10A-FD58-462d-8D4F-5B1316DFF0FF}"
                 ruleisdefault="true"
                 name="ResourceManager généré automatiquement">
    <comment>Exclut les classes de ressources qui sont générées automatiquement par Visual Studio. La réflexion est utilisée pour créer une instance de ResourceManager basée sur le nom de la classe spécifié par une valeur de chaîne.</comment>
    <excludelist>
      <type name=".*[(Properties)(My)]\.Resources"
            regex="true" />
    </excludelist>
  </referencerule>
  <referencerule rulekey="{7D9C8B02-2383-420f-8740-A9760394C2C1}"
                 ruleisdefault="true"
                 name="Types et champs marqués comme étant sérialisables">
    <comment>Exclut tous les types sérialisables.  Ceci exclut également l'attribution d'un nouveau nom à tous les champs sérialisables.</comment>
    <excludelist>
      <type name=".*"
            regex="true"
            speclist="+serializable">
        <comment>Exclut tous les types sérialisables.  Ceci exclut également l'attribution d'un nouveau nom à tous les champs sérialisables.</comment>
        <field name=".*"
               speclist="-notserialized"
               regex="true" />
      </type>
    </excludelist>
  </referencerule>
  <referencerule rulekey="{229FD6F8-5BCC-427b-8F72-A7A413ECDF1A}"
                 ruleisdefault="true"
                 name="Types avec attributs System.Web.Script.Services">
    <comment>Exclut tous les types qui sont décorés avec des attributs de l'espace de noms System.Web.Services.</comment>
    <excludelist>
      <type name=".*"
            regex="true">
        <comment>Exclut tous les types qui sont décorés avec des attributs de l'espace de noms System.Web.Services.</comment>
        <customattribute name="System.Web.Services.*"
                         regex="true" />
      </type>
    </excludelist>
  </referencerule>
  <referencerule rulekey="{2B7E7C8C-A39A-4db8-9DFC-6AFD38509061}"
                 ruleisdefault="true"
                 name="Méthodes avec attributs System.Web.Script.Services">
    <comment>Exclut toutes les méthodes qui sont décorées avec des attributs de l'espace de noms System.Web.Services.</comment>
    <excludelist>
      <type name=".*"
            regex="true"
            excludetype="false">
        <comment>Exclut toutes les méthodes qui sont décorées avec des attributs de l'espace de noms System.Web.Services.</comment>
        <method name=".*"
                regex="true">
          <customattribute name="System.Web.Services.*"
                           regex="true" />
        </method>
      </type>
    </excludelist>
  </referencerule>
  <referencerule rulekey="{D97286EB-CF80-4ae8-94D4-E90131E6D0D7}"
                 ruleisdefault="false"
                 name="Champs avec AccessedThroughPropertyAttribute">
    <comment>Exclut tous les champs qui sont décorés avec un attribut AccessedThroughPropertyAttribute de l'espace de noms System.Runtime.CompilerServices. Dans Visual Basic, toute propriété WithEvents accessible contient un champ privé qui possède cet attribut. Cet attribut n'est pas éliminé lors de la compilation, de manière à ce qu'il puisse être examiné par d'autres assemblys par réflexion. Cette règle ne doit donc être utilisée qu'en mode bibliothèque.</comment>
    <excludelist>
      <type name=".*"
            regex="true"
            excludetype="false">
        <comment>Exclut tous les champs qui sont décorés avec un attribut AccessedThroughPropertyAttribute de l'espace de noms System.Runtime.CompilerServices. Dans Visual Basic, toute propriété WithEvents accessible contient un champ privé qui possède cet attribut. Cet attribut n'est pas éliminé lors de la compilation, de manière à ce qu'il puisse être examiné par d'autres assemblys par réflexion. Cette règle ne doit donc être utilisée qu'en mode bibliothèque.</comment>
        <field name=".*"
               regex="true">
          <customattribute name="System\.Runtime\.CompilerServices\.AccessedThroughPropertyAttribute"
                           regex="true" />
        </field>
      </type>
    </excludelist>
  </referencerule>
  <referencerule rulekey="{494EA3BA-B947-44B5-BEE8-A11CC85AAF9B}"
                 ruleisdefault="true"
                 name="Champs de Silverlight et contrôles utilisateur WPF">
    <comment>Exclut tous les types de champs possédant un supertype System.Windows.Controls.UserControl.</comment>
    <excludelist>
      <type name=".*"
            regex="true"
            excludetype="false">
        <field name=".*"
               regex="true" />
        <supertype name="System.Windows.Controls.UserControl" />
      </type>
    </excludelist>
  </referencerule>
  <referencerule rulekey="{AB89403F-5E08-4adf-8386-6D34AF0ADBD3}"
                 ruleisdefault="false"
                 name="Objets CrystalReport ReportClass">
    <comment>Exclut tous les types possédant un supertype CrystalDecisions.CrystalReports.Engine.ReportClass.</comment>
    <excludelist>
      <type name=".*"
            regex="true">
        <comment>Exclut tous les types possédant un supertype CrystalDecisions.CrystalReports.Engine.ReportClass.</comment>
        <supertype name="CrystalDecisions\.CrystalReports\.Engine\.ReportClass"
                   regex="true" />
      </type>
    </excludelist>
  </referencerule>
  <referencerule rulekey="{89769974-93E9-4e71-8D92-BE70E855ACFC}"
                 ruleisdefault="true"
                 name="Paramètres d'application générés automatiquement">
    <comment>Exclut tous les types possédant un supertype System.Configuration.ApplicationSettingsBase.</comment>
    <excludelist>
      <type name=".*"
            regex="true">
        <supertype name="System\.Configuration\.ApplicationSettingsBase"
                   regex="true" />
      </type>
    </excludelist>
  </referencerule>
  <referencerule rulekey="{6f022A59-3AD6-4C69-8D9B-6870B9B9E362}"
                 ruleisdefault="false"
                 name="Activités Windows Workflow">
    <comment>Exclut tous les types possédant un supertype System.Workflow.ComponentModel.Activity.</comment>
    <excludelist>
      <type name=".*"
            regex="true">
        <supertype name=".*Activity"
                   regex="true" />
      </type>
    </excludelist>
  </referencerule>
  <referencerule rulekey="{4D81E604-A545-4631-8B6D-C3735F793F80}"
                 ruleisdefault="true"
                 name="Windows Phone Scheduled Tasks Agents">
    <comment>Exclut tous les types possédant un supertype Microsoft.Phone.Scheduler.ScheduledTaskAgent</comment>
    <excludelist>
      <type name=".*"
            regex="true">
        <supertype name="Microsoft.Phone.Scheduler.ScheduledTaskAgent" />
      </type>
    </excludelist>
  </referencerule>
   <referencerule rulekey="{62bd3899-7d53-4336-8ca2-4e5dbae187d5}"
                 ruleisdefault="true"
                 name="Propriétés des types anonymes avec l'attribut CompilerGeneratedAttribute">
    <comment>Exclut toutes les propriétés des types anonymes avec l'attribut System.Runtime.CompilerServices.CompilerGeneratedAttribute</comment>
    <excludelist>
     <type name=".*AnonymousType.*" regex="true" excludetype="false">
        <customattribute name="System\.Runtime\.CompilerServices\.CompilerGeneratedAttribute" regex="true" />
        <propertymember name="*" regex="true" />
      </type>
    </excludelist>
  </referencerule>
</dotfuscatorreferencerules>