﻿<?xml version="1.0" encoding="utf-8" standalone="no"?>
<!DOCTYPE userprefs>
<dotfuscator>
  <p982>True</p982>
  <p974>True</p974>
  <p984>False</p984>
  <p992>True</p992>
  <p979>0</p979>
  <p981>461106</p981>
  <p985>False</p985>
  <p980>7</p980>
  <p973>True</p973>
  <p993>True</p993>
  <p991>637612528752591970</p991>
  <p996>False</p996>
  <p997 />
  <p986 />
  <p990>False</p990>
  <p987 />
  <p989>61,109,1280,720</p989>
  <p988 />
  <p994>637612529399673708</p994>
  <p995 />
</dotfuscator>