﻿<?xml version="1.0" encoding="utf-8" standalone="no"?>
<!DOCTYPE dotfuscatorreferencerules SYSTEM "http://www.preemptive.com/dotfuscator/dtd/dotfuscatorReferenceRule_v1.1.dtd">
<dotfuscatorreferencerules>
  <referencerule rulekey="{F4074361-D4CE-4e40-B907-BA9668A45996}"
                 ruleisdefault="false"
                 name="WCF Contract-Objekte">
    <comment>Verhindert das Entfernen von Typen und Membern, die durch OperationContract-, ServiceContract-, DataContract- oder DataMember-Attribute ergänzt wurden.</comment>
    <triggerlist>
      <type name=".*"
            regex="true">
        <customattribute name="System\.ServiceModel\.ServiceContractAttribute"
                         regex="true"
                         allowinheritance="true" />
        <customattribute name="System\.Runtime\.Serialization\.DataContractAttribute"
                         regex="true" />
        <method name=".*"
                regex="true">
          <customattribute name="System\.ServiceModel\.OperationContractAttribute"
                           regex="true" />
        </method>
        <field name="Field"
               regex="true">
          <customattribute name="System\.Runtime\.Serialization\.DataMemberAttribute"
                           regex="true" />
        </field>
        <propertymember name=".*"
                        regex="true">
          <customattribute name="System\.Runtime\.Serialization\.DataMemberAttribute"
                           regex="true" />
        </propertymember>
      </type>
    </triggerlist>
  </referencerule>
  <referencerule rulekey="{6655B10A-FD58-462d-8D4F-5B1316DFF0FF}"
                 ruleisdefault="true"
                 name="Automatisch generierter ResourceManager">
    <comment>Schließt Ressourcenklassen aus, die von Visual Studio automatisch generiert werden. Erstellt eine Instanz von ResourceManager mithilfe von Reflektion, basierend auf dem durch einen Zeichenfolgenwert angegebenen Namen der Klasse.</comment>
    <excludelist>
      <type name=".*[(Properties)(My)]\.Resources"
            regex="true" />
    </excludelist>
  </referencerule>
  <referencerule rulekey="{7D9C8B02-2383-420f-8740-A9760394C2C1}"
                 ruleisdefault="true"
                 name="Als serialisierbar gekennzeichnete Typen und Felder">
    <comment>Schließt alle serialisierbaren Typen aus.  Dabei werden auch alle serialisierbaren Felder aus der Umbenennung ausgeschlossen.</comment>
    <excludelist>
      <type name=".*"
            regex="true"
            speclist="+serializable">
        <comment>Schließt alle serialisierbaren Typen aus.  Dabei werden auch alle serialisierbaren Felder aus der Umbenennung ausgeschlossen.</comment>
        <field name=".*"
               speclist="-notserialized"
               regex="true" />
      </type>
    </excludelist>
  </referencerule>
  <referencerule rulekey="{229FD6F8-5BCC-427b-8F72-A7A413ECDF1A}"
                 ruleisdefault="true"
                 name="Typen mit System.Web.Services-Attributen">
    <comment>Schließt alle Typen aus, die durch Attribute vom System.Web.Services-Namespace ergänzt wurden.</comment>
    <excludelist>
      <type name=".*"
            regex="true">
        <comment>Schließt alle Typen aus, die durch Attribute vom System.Web.Services-Namespace ergänzt wurden.</comment>
        <customattribute name="System.Web.Services.*"
                         regex="true" />
      </type>
    </excludelist>
  </referencerule>
  <referencerule rulekey="{2B7E7C8C-A39A-4db8-9DFC-6AFD38509061}"
                 ruleisdefault="true"
                 name="Methoden mit System.Web.Services-Attributen">
    <comment>Schließt alle Methoden aus, die durch Attribute vom System.Web.Services-Namespace ergänzt wurden.</comment>
    <excludelist>
      <type name=".*"
            regex="true"
            excludetype="false">
        <comment>Schließt alle Methoden aus, die durch Attribute vom System.Web.Services-Namespace ergänzt wurden.</comment>
        <method name=".*"
                regex="true">
          <customattribute name="System.Web.Services.*"
                           regex="true" />
        </method>
      </type>
    </excludelist>
  </referencerule>
  <referencerule rulekey="{D97286EB-CF80-4ae8-94D4-E90131E6D0D7}"
                 ruleisdefault="false"
                 name="Felder mit AccessedThroughPropertyAttribute">
    <comment>Schließt Felder aus, die durch ein AccessedThroughPropertyAttribute vom System.Runtime.CompilerServices-Namespace ergänzt wurden. In Visual Basic enthält jede zugängliche WithEvents-Eigenschaft ein privates Feld mit diesem Attribut. Dieses Attribut wird während der Kompilierung nicht entfernt, sodass es mittels Reflektion von anderen Assemblys überprüft werden kann. Diese Regel muss daher nur im Bibliotheksmodus verwendet werden</comment>
    <excludelist>
      <type name=".*"
            regex="true"
            excludetype="false">
        <comment>Schließt Felder aus, die durch ein AccessedThroughPropertyAttribute vom System.Runtime.CompilerServices-Namespace ergänzt wurden. In Visual Basic enthält jede zugängliche WithEvents-Eigenschaft ein privates Feld mit diesem Attribut. Dieses Attribut wird während der Kompilierung nicht entfernt, sodass es mittels Reflektion von anderen Assemblys überprüft werden kann. Diese Regel muss daher nur im Bibliotheksmodus verwendet werden</comment>
        <field name=".*"
               regex="true">
          <customattribute name="System\.Runtime\.CompilerServices\.AccessedThroughPropertyAttribute"
                           regex="true" />
        </field>
      </type>
    </excludelist>
  </referencerule>
  <referencerule rulekey="{494EA3BA-B947-44B5-BEE8-A11CC85AAF9B}"
                 ruleisdefault="true"
                 name="Felder der Silverlight- und WPF-Benutzersteuerelemente">
    <comment>Schließt alle Typenfelder mit dem Obertyp System.Windows.Controls.UserControl aus.</comment>
    <excludelist>
      <type name=".*"
            regex="true"
            excludetype="false">
        <field name=".*"
               regex="true" />
        <supertype name="System.Windows.Controls.UserControl" />
      </type>
    </excludelist>
  </referencerule>
  <referencerule rulekey="{AB89403F-5E08-4adf-8386-6D34AF0ADBD3}"
                 ruleisdefault="false"
                 name="CrystalReport ReportClass-Objekte">
    <comment>Schließt alle Typen mit dem Obertyp CrystalDecisions.CrystalReports.Engine.ReportClass aus.</comment>
    <excludelist>
      <type name=".*"
            regex="true">
        <comment>Schließt alle Typen mit dem Obertyp CrystalDecisions.CrystalReports.Engine.ReportClass aus.</comment>
        <supertype name="CrystalDecisions\.CrystalReports\.Engine\.ReportClass"
                   regex="true" />
      </type>
    </excludelist>
  </referencerule>
  <referencerule rulekey="{89769974-93E9-4e71-8D92-BE70E855ACFC}"
                 ruleisdefault="true"
                 name="Automatisch generierte Anwendungseinstellungen">
    <comment>Schließt alle Typen mit dem Obertyp System.Configuration.ApplicationSettingsBase aus.</comment>
    <excludelist>
      <type name=".*"
            regex="true">
        <supertype name="System\.Configuration\.ApplicationSettingsBase"
                   regex="true" />
      </type>
    </excludelist>
  </referencerule>
  <referencerule rulekey="{6f022A59-3AD6-4C69-8D9B-6870B9B9E362}"
                 ruleisdefault="false"
                 name="Windows Workflow-Aktivitäten">
    <comment>Schließt alle Typen mit dem Obertyp System.Workflow.ComponentModel.Activity aus.</comment>
    <excludelist>
      <type name=".*"
            regex="true">
        <supertype name=".*Activity"
                   regex="true" />
      </type>
    </excludelist>
  </referencerule>
  <referencerule rulekey="{4D81E604-A545-4631-8B6D-C3735F793F80}"
                 ruleisdefault="true"
                 name="Agents für geplante Aufgaben von Windows Phone">
    <comment>Schließt alle Typen mit dem Obertyp Microsoft.Phone.Scheduler.ScheduledTaskAgent aus.</comment>
    <excludelist>
      <type name=".*"
            regex="true">
        <supertype name="Microsoft.Phone.Scheduler.ScheduledTaskAgent" />
      </type>
    </excludelist>
  </referencerule>
   <referencerule rulekey="{62bd3899-7d53-4336-8ca2-4e5dbae187d5}"
                 ruleisdefault="true"
                 name="Eigenschaften anonymer Typen mit CompilerGeneratedAttribute">
    <comment>Schließt alle Eigenschaften anonymer Typen aus, die über das System.Runtime.CompilerServices.CompilerGeneratedAttribute verfügen</comment>
    <excludelist>
     <type name=".*AnonymousType.*" regex="true" excludetype="false">
        <customattribute name="System\.Runtime\.CompilerServices\.CompilerGeneratedAttribute" regex="true" />
        <propertymember name="*" regex="true" />
      </type>
    </excludelist>
  </referencerule>
</dotfuscatorreferencerules>