﻿<?xml version="1.0" encoding="utf-8" standalone="no"?>
<!DOCTYPE dotfuscatorreferencerules SYSTEM "http://www.preemptive.com/dotfuscator/dtd/dotfuscatorReferenceRule_v1.1.dtd">
<dotfuscatorreferencerules>
  <referencerule rulekey="{F4074361-D4CE-4e40-B907-BA9668A45996}"
                 ruleisdefault="false"
                 name="Объекты WCF Contract">
    <comment>Защита от удаления типов и членов, отмеченных атрибутами OperationContract, ServiceContract, DataContract или DataMember.</comment>
    <triggerlist>
      <type name=".*"
            regex="true">
        <customattribute name="System\.ServiceModel\.ServiceContractAttribute"
                         regex="true"
                         allowinheritance="true" />
        <customattribute name="System\.Runtime\.Serialization\.DataContractAttribute"
                         regex="true" />
        <method name=".*"
                regex="true">
          <customattribute name="System\.ServiceModel\.OperationContractAttribute"
                           regex="true" />
        </method>
        <field name="Field"
               regex="true">
          <customattribute name="System\.Runtime\.Serialization\.DataMemberAttribute"
                           regex="true" />
        </field>
        <propertymember name=".*"
                        regex="true">
          <customattribute name="System\.Runtime\.Serialization\.DataMemberAttribute"
                           regex="true" />
        </propertymember>
      </type>
    </triggerlist>
  </referencerule>
  <referencerule rulekey="{6655B10A-FD58-462d-8D4F-5B1316DFF0FF}"
                 ruleisdefault="true"
                 name="Автоматически созданный менеджер ресурсов">
    <comment>Исключение классов ресурсов, автоматически созданных программой Visual Studio. Для создания экземпляра менеджера ресурсов на основе имени класса, заданного строковым значением, используется отражение.</comment>
    <excludelist>
      <type name=".*[(Properties)(My)]\.Resources"
            regex="true" />
    </excludelist>
  </referencerule>
  <referencerule rulekey="{7D9C8B02-2383-420f-8740-A9760394C2C1}"
                 ruleisdefault="true"
                 name="Типы и поля, помеченные как сериализуемые">
    <comment>Исключение всех сериализуемых типов.  Все сериализуемые поля также исключаются из переименования.</comment>
    <excludelist>
      <type name=".*"
            regex="true"
            speclist="+serializable">
        <comment>Исключение всех сериализуемых типов.  Все сериализуемые поля также исключаются из переименования.</comment>
        <field name=".*"
               speclist="-notserialized"
               regex="true" />
      </type>
    </excludelist>
  </referencerule>
  <referencerule rulekey="{229FD6F8-5BCC-427b-8F72-A7A413ECDF1A}"
                 ruleisdefault="true"
                 name="Типы с атрибутами System.Web.Services">
    <comment>Исключение всех типов, отмеченных атрибутами из пространства имен System.Web.Services.</comment>
    <excludelist>
      <type name=".*"
            regex="true">
        <comment>Исключение всех типов, отмеченных атрибутами из пространства имен System.Web.Services.</comment>
        <customattribute name="System.Web.Services.*"
                         regex="true" />
      </type>
    </excludelist>
  </referencerule>
  <referencerule rulekey="{2B7E7C8C-A39A-4db8-9DFC-6AFD38509061}"
                 ruleisdefault="true"
                 name="Методы с атрибутами System.Web.Services">
    <comment>Исключение всех методов, отмеченных атрибутами из пространства имен System.Web.Services.</comment>
    <excludelist>
      <type name=".*"
            regex="true"
            excludetype="false">
        <comment>Исключение всех методов, отмеченных атрибутами из пространства имен System.Web.Services.</comment>
        <method name=".*"
                regex="true">
          <customattribute name="System.Web.Services.*"
                           regex="true" />
        </method>
      </type>
    </excludelist>
  </referencerule>
  <referencerule rulekey="{D97286EB-CF80-4ae8-94D4-E90131E6D0D7}"
                 ruleisdefault="false"
                 name="Поля с атрибутом AccessedThroughPropertyAttribute">
    <comment>Исключение полей, отмеченных атрибутом AccessedThroughPropertyAttribute из пространства имен System.Runtime.CompilerServices. В Visual Basic любое доступное свойство WithEvents содержит закрытое поле с этим атрибутом. Этот атрибут не снимается в процессе компиляции, чтобы его можно было исследовать другими сборками через отражение, поэтому это правило необходимо использовать только в режиме библиотеки.</comment>
    <excludelist>
      <type name=".*"
            regex="true"
            excludetype="false">
        <comment>Исключение полей, отмеченных атрибутом AccessedThroughPropertyAttribute из пространства имен System.Runtime.CompilerServices. В Visual Basic любое доступное свойство WithEvents содержит закрытое поле с этим атрибутом. Этот атрибут не снимается в процессе компиляции, чтобы его можно было исследовать другими сборками через отражение, поэтому это правило необходимо использовать только в режиме библиотеки.</comment>
        <field name=".*"
               regex="true">
          <customattribute name="System\.Runtime\.CompilerServices\.AccessedThroughPropertyAttribute"
                           regex="true" />
        </field>
      </type>
    </excludelist>
  </referencerule>
  <referencerule rulekey="{494EA3BA-B947-44B5-BEE8-A11CC85AAF9B}"
                 ruleisdefault="true"
                 name="Поля элементов управления Silverlight и WPF">
    <comment>Исключение всех полей типов с супертипом System.Windows.Controls.UserControl.</comment>
    <excludelist>
      <type name=".*"
            regex="true"
            excludetype="false">
        <field name=".*"
               regex="true" />
        <supertype name="System.Windows.Controls.UserControl" />
      </type>
    </excludelist>
  </referencerule>
  <referencerule rulekey="{AB89403F-5E08-4adf-8386-6D34AF0ADBD3}"
                 ruleisdefault="false"
                 name="Объекты CrystalReport ReportClass">
    <comment>Исключение всех типов с супертипом CrystalDecisions.CrystalReports.Engine.ReportClass</comment>
    <excludelist>
      <type name=".*"
            regex="true">
        <comment>Исключение всех типов с супертипом CrystalDecisions.CrystalReports.Engine.ReportClass</comment>
        <supertype name="CrystalDecisions\.CrystalReports\.Engine\.ReportClass"
                   regex="true" />
      </type>
    </excludelist>
  </referencerule>
  <referencerule rulekey="{89769974-93E9-4e71-8D92-BE70E855ACFC}"
                 ruleisdefault="true"
                 name="Автоматически созданные параметры приложения">
    <comment>Исключение всех типов с супертипом System.Configuration.ApplicationSettingsBase</comment>
    <excludelist>
      <type name=".*"
            regex="true">
        <supertype name="System\.Configuration\.ApplicationSettingsBase"
                   regex="true" />
      </type>
    </excludelist>
  </referencerule>
  <referencerule rulekey="{6f022A59-3AD6-4C69-8D9B-6870B9B9E362}"
                 ruleisdefault="false"
                 name="Действия рабочих процессов Windows">
    <comment>Исключение всех типов с супертипом System.Workflow.ComponentModel.Activity</comment>
    <excludelist>
      <type name=".*"
            regex="true">
        <supertype name=".*Activity"
                   regex="true" />
      </type>
    </excludelist>
  </referencerule>
  <referencerule rulekey="{4D81E604-A545-4631-8B6D-C3735F793F80}"
                 ruleisdefault="true"
                 name="Агенты запланированных заданий Windows Phone">
    <comment>Исключение всех типов с супертипом Microsoft.Phone.Scheduler.ScheduledTaskAgent</comment>
    <excludelist>
      <type name=".*"
            regex="true">
        <supertype name="Microsoft.Phone.Scheduler.ScheduledTaskAgent" />
      </type>
    </excludelist>
  </referencerule>
   <referencerule rulekey="{62bd3899-7d53-4336-8ca2-4e5dbae187d5}"
                 ruleisdefault="true"
                 name="Свойства анонимных типов с атрибутом CompilerGeneratedAttribute">
    <comment>Исключены все свойства анонимных типов, которые имеют атрибут System.Runtime.CompilerServices.CompilerGeneratedAttribute</comment>
    <excludelist>
     <type name=".*AnonymousType.*" regex="true" excludetype="false">
        <customattribute name="System\.Runtime\.CompilerServices\.CompilerGeneratedAttribute" regex="true" />
        <propertymember name="*" regex="true" />
      </type>
    </excludelist>
  </referencerule>
</dotfuscatorreferencerules>