﻿<?xml version="1.0" encoding="utf-8" standalone="no"?>
<!DOCTYPE dotfuscatorreferencerules SYSTEM "http://www.preemptive.com/dotfuscator/dtd/dotfuscatorReferenceRule_v1.1.dtd">
<dotfuscatorreferencerules>
  <referencerule rulekey="{F4074361-D4CE-4e40-B907-BA9668A45996}"
                 ruleisdefault="false"
                 name="Objetos de contrato WCF">
    <comment>Impide la eliminación de tipos y miembros decorados con los atributos OperationContract, ServiceContract, DataContract o DataMember.</comment>
    <triggerlist>
      <type name=".*"
            regex="true">
        <customattribute name="System\.ServiceModel\.ServiceContractAttribute"
                         regex="true"
                         allowinheritance="true" />
        <customattribute name="System\.Runtime\.Serialization\.DataContractAttribute"
                         regex="true" />
        <method name=".*"
                regex="true">
          <customattribute name="System\.ServiceModel\.OperationContractAttribute"
                           regex="true" />
        </method>
        <field name="Field"
               regex="true">
          <customattribute name="System\.Runtime\.Serialization\.DataMemberAttribute"
                           regex="true" />
        </field>
        <propertymember name=".*"
                        regex="true">
          <customattribute name="System\.Runtime\.Serialization\.DataMemberAttribute"
                           regex="true" />
        </propertymember>
      </type>
    </triggerlist>
  </referencerule>
  <referencerule rulekey="{6655B10A-FD58-462d-8D4F-5B1316DFF0FF}"
                 ruleisdefault="true"
                 name="ResourceManager autogenerado">
    <comment>Excluye las clases de recurso que no se han autogenerado en Visual Studio. Usa la reflexión para crear una instancia de ResourceManager basada en el nombre de clase especificado en un valor de cadena.</comment>
    <excludelist>
      <type name=".*[(Properties)(My)]\.Resources"
            regex="true" />
    </excludelist>
  </referencerule>
  <referencerule rulekey="{7D9C8B02-2383-420f-8740-A9760394C2C1}"
                 ruleisdefault="true"
                 name="Tipos y campos marcados como serializables">
    <comment>Excluye todos los tipos serializables.  También excluye del cambio de nombre todos los campos serializables.</comment>
    <excludelist>
      <type name=".*"
            regex="true"
            speclist="+serializable">
        <comment>Excluye todos los tipos serializables.  También excluye del cambio de nombre todos los campos serializables.</comment>
        <field name=".*"
               speclist="-notserialized"
               regex="true" />
      </type>
    </excludelist>
  </referencerule>
  <referencerule rulekey="{229FD6F8-5BCC-427b-8F72-A7A413ECDF1A}"
                 ruleisdefault="true"
                 name="Tipos con atributos System.Web.Services">
    <comment>Excluye del espacio de nombres System.Web.Services todos los tipos decorados con atributos.</comment>
    <excludelist>
      <type name=".*"
            regex="true">
        <comment>Excluye del espacio de nombres System.Web.Services todos los tipos decorados con atributos.</comment>
        <customattribute name="System.Web.Services.*"
                         regex="true" />
      </type>
    </excludelist>
  </referencerule>
  <referencerule rulekey="{2B7E7C8C-A39A-4db8-9DFC-6AFD38509061}"
                 ruleisdefault="true"
                 name="Métodos con atributos System.Web.Services">
    <comment>Excluye del espacio de nombres System.Web.Services todos los métodos decorados con atributos.</comment>
    <excludelist>
      <type name=".*"
            regex="true"
            excludetype="false">
        <comment>Excluye del espacio de nombres System.Web.Services todos los métodos decorados con atributos.</comment>
        <method name=".*"
                regex="true">
          <customattribute name="System.Web.Services.*"
                           regex="true" />
        </method>
      </type>
    </excludelist>
  </referencerule>
  <referencerule rulekey="{D97286EB-CF80-4ae8-94D4-E90131E6D0D7}"
                 ruleisdefault="false"
                 name="Campos con AccessedThroughPropertyAttribute">
    <comment>Excluye del espacio de nombres System.Runtime.CompilerServices los campos decorados con el atributo AccessedThroughPropertyAttribute. En Visual Basic, cualquier propiedad WithEvents accesible contiene un campo privado con este atributo. El atributo no se quita durante la compilación de modo que otros ensamblados podrían examinarlo mediante reflexión, por lo que esta regla solo se puede usar en modo Biblioteca.</comment>
    <excludelist>
      <type name=".*"
            regex="true"
            excludetype="false">
        <comment>Excluye del espacio de nombres System.Runtime.CompilerServices los campos decorados con el atributo AccessedThroughPropertyAttribute. En Visual Basic, cualquier propiedad WithEvents accesible contiene un campo privado con este atributo. El atributo no se quita durante la compilación, para que otros ensamblados puedan examinarlo mediante reflexión, por lo que esta regla solo se puede usar en modo Biblioteca.</comment>
        <field name=".*"
               regex="true">
          <customattribute name="System\.Runtime\.CompilerServices\.AccessedThroughPropertyAttribute"
                           regex="true" />
        </field>
      </type>
    </excludelist>
  </referencerule>
  <referencerule rulekey="{494EA3BA-B947-44B5-BEE8-A11CC85AAF9B}"
                 ruleisdefault="true"
                 name="Campos de UserControls de Silverlight y WPF">
    <comment>Excluye todos los campos de tipos con un supertipo de System.Windows.Controls.UserControl.</comment>
    <excludelist>
      <type name=".*"
            regex="true"
            excludetype="false">
        <field name=".*"
               regex="true" />
        <supertype name="System.Windows.Controls.UserControl" />
      </type>
    </excludelist>
  </referencerule>
  <referencerule rulekey="{AB89403F-5E08-4adf-8386-6D34AF0ADBD3}"
                 ruleisdefault="false"
                 name="Objetos CrystalReport ReportClass">
    <comment>Excluye todos los tipos con un supertipo de CrystalDecisions.CrystalReports.Engine.ReportClass</comment>
    <excludelist>
      <type name=".*"
            regex="true">
        <comment>Excluye todos los tipos con un supertipo de CrystalDecisions.CrystalReports.Engine.ReportClass</comment>
        <supertype name="CrystalDecisions\.CrystalReports\.Engine\.ReportClass"
                   regex="true" />
      </type>
    </excludelist>
  </referencerule>
  <referencerule rulekey="{89769974-93E9-4e71-8D92-BE70E855ACFC}"
                 ruleisdefault="true"
                 name="Configuración de aplicación autogenerada">
    <comment>Excluye todos los tipos con un supertipo de System.Configuration.ApplicationSettingsBase</comment>
    <excludelist>
      <type name=".*"
            regex="true">
        <supertype name="System\.Configuration\.ApplicationSettingsBase"
                   regex="true" />
      </type>
    </excludelist>
  </referencerule>
  <referencerule rulekey="{6f022A59-3AD6-4C69-8D9B-6870B9B9E362}"
                 ruleisdefault="false"
                 name="Actividades de flujo de trabajo de Windows">
    <comment>Excluye todos los tipos con un supertipo de System.Workflow.ComponentModel.Activity</comment>
    <excludelist>
      <type name=".*"
            regex="true">
        <supertype name=".*Activity"
                   regex="true" />
      </type>
    </excludelist>
  </referencerule>
  <referencerule rulekey="{4D81E604-A545-4631-8B6D-C3735F793F80}"
                 ruleisdefault="true"
                 name="Agentes de tareas programadas de Windows Phone">
    <comment>Excluye todos los tipos con un supertipo de Microsoft.Phone.Scheduler.ScheduledTaskAgent</comment>
    <excludelist>
      <type name=".*"
            regex="true">
        <supertype name="Microsoft.Phone.Scheduler.ScheduledTaskAgent" />
      </type>
    </excludelist>
  </referencerule>
   <referencerule rulekey="{62bd3899-7d53-4336-8ca2-4e5dbae187d5}"
                 ruleisdefault="true"
                 name="Propiedades de tipos anónimos con CompilerGeneratedAttribute">
    <comment>Se excluyen todas las propiedades de tipos anónimos que cuentan con System.Runtime.CompilerServices.CompilerGeneratedAttribute</comment>
    <excludelist>
     <type name=".*AnonymousType.*" regex="true" excludetype="false">
        <customattribute name="System\.Runtime\.CompilerServices\.CompilerGeneratedAttribute" regex="true" />
        <propertymember name="*" regex="true" />
      </type>
    </excludelist>
  </referencerule>
</dotfuscatorreferencerules>