﻿<?xml version="1.0" encoding="utf-8" standalone="no"?>
<!DOCTYPE dotfuscatorreferencerules SYSTEM "http://www.preemptive.com/dotfuscator/dtd/dotfuscatorReferenceRule_v1.1.dtd">
<dotfuscatorreferencerules>
  <referencerule rulekey="{F4074361-D4CE-4e40-B907-BA9668A45996}"
                 ruleisdefault="false"
                 name="Oggetti di contratto WCF">
    <comment>Consente di impedire la rimozione di tipi e membri decorati con attributi OperationContract, ServiceContract, DataContract o DataMember.</comment>
    <triggerlist>
      <type name=".*"
            regex="true">
        <customattribute name="System\.ServiceModel\.ServiceContractAttribute"
                         regex="true"
                         allowinheritance="true" />
        <customattribute name="System\.Runtime\.Serialization\.DataContractAttribute"
                         regex="true" />
        <method name=".*"
                regex="true">
          <customattribute name="System\.ServiceModel\.OperationContractAttribute"
                           regex="true" />
        </method>
        <field name="Field"
               regex="true">
          <customattribute name="System\.Runtime\.Serialization\.DataMemberAttribute"
                           regex="true" />
        </field>
        <propertymember name=".*"
                        regex="true">
          <customattribute name="System\.Runtime\.Serialization\.DataMemberAttribute"
                           regex="true" />
        </propertymember>
      </type>
    </triggerlist>
  </referencerule>
  <referencerule rulekey="{6655B10A-FD58-462d-8D4F-5B1316DFF0FF}"
                 ruleisdefault="true"
                 name="ResourceManager autogenerato">
    <comment>Consente di escludere classi di risorse autogenerate da Visual Studio. Utilizza la reflection per creare un'istanza di ResourceManager basata sul nome della classe specificato da un valore stringa.</comment>
    <excludelist>
      <type name=".*[(Properties)(My)]\.Resources"
            regex="true" />
    </excludelist>
  </referencerule>
  <referencerule rulekey="{7D9C8B02-2383-420f-8740-A9760394C2C1}"
                 ruleisdefault="true"
                 name="Tipi e campi contrassegnati come serializzabili">
    <comment>Consente di escludere tutti i tipi serializzabili.  In tal modo vengono anche esclusi tutti i campi serializzabili dalla ridenominazione.</comment>
    <excludelist>
      <type name=".*"
            regex="true"
            speclist="+serializable">
        <comment>Consente di escludere tutti i tipi serializzabili.  In tal modo vengono anche esclusi tutti i campi serializzabili dalla ridenominazione.</comment>
        <field name=".*"
               speclist="-notserialized"
               regex="true" />
      </type>
    </excludelist>
  </referencerule>
  <referencerule rulekey="{229FD6F8-5BCC-427b-8F72-A7A413ECDF1A}"
                 ruleisdefault="true"
                 name="Tipi con attributi System.Web.Services">
    <comment>Consente di escludere tutti i tipi decorati con attributi provenienti dallo spazio dei nomi System.Web.Services.</comment>
    <excludelist>
      <type name=".*"
            regex="true">
        <comment>Consente di escludere tutti i tipi decorati con attributi provenienti dallo spazio dei nomi System.Web.Services.</comment>
        <customattribute name="System.Web.Services.*"
                         regex="true" />
      </type>
    </excludelist>
  </referencerule>
  <referencerule rulekey="{2B7E7C8C-A39A-4db8-9DFC-6AFD38509061}"
                 ruleisdefault="true"
                 name="Metodi con attributi System.Web.Services">
    <comment>Consente di escludere tutti i metodi decorati con attributi provenienti dallo spazio dei nomi System.Web.Services.</comment>
    <excludelist>
      <type name=".*"
            regex="true"
            excludetype="false">
        <comment>Consente di escludere tutti i metodi decorati con attributi provenienti dallo spazio dei nomi System.Web.Services.</comment>
        <method name=".*"
                regex="true">
          <customattribute name="System.Web.Services.*"
                           regex="true" />
        </method>
      </type>
    </excludelist>
  </referencerule>
  <referencerule rulekey="{D97286EB-CF80-4ae8-94D4-E90131E6D0D7}"
                 ruleisdefault="false"
                 name="Campi con AccessedThroughPropertyAttribute">
    <comment>Consente di escludere tutti i campi decorati con un attributo AccessedThroughPropertyAttribute proveniente dallo spazio dei nomi System.Runtime.CompilerServices. In Visual Basic, qualsiasi proprietà WithEvents accessibile contiene un campo privato con tale attributo. Questo non viene rimosso durante la compilazione in modo che possa essere esaminato da altri assembly tramite reflection, pertanto questa regola deve essere utilizzata unicamente in modalità libreria.</comment>
    <excludelist>
      <type name=".*"
            regex="true"
            excludetype="false">
        <comment>Consente di escludere tutti i campi decorati con un attributo AccessedThroughPropertyAttribute proveniente dallo spazio dei nomi System.Runtime.CompilerServices. In Visual Basic, qualsiasi proprietà WithEvents accessibile contiene un campo privato con tale attributo. Questo non viene rimosso durante la compilazione in modo che possa essere esaminato da altri assembly tramite reflection, pertanto questa regola deve essere utilizzata unicamente in modalità libreria.</comment>
        <field name=".*"
               regex="true">
          <customattribute name="System\.Runtime\.CompilerServices\.AccessedThroughPropertyAttribute"
                           regex="true" />
        </field>
      </type>
    </excludelist>
  </referencerule>
  <referencerule rulekey="{494EA3BA-B947-44B5-BEE8-A11CC85AAF9B}"
                 ruleisdefault="true"
                 name="Campi di Silverlight e controlli utente WPF">
    <comment>Consentono di escludere tutti i campi dei tipi con un supertipo di System.Windows.Controls.UserControl.</comment>
    <excludelist>
      <type name=".*"
            regex="true"
            excludetype="false">
        <field name=".*"
               regex="true" />
        <supertype name="System.Windows.Controls.UserControl" />
      </type>
    </excludelist>
  </referencerule>
  <referencerule rulekey="{AB89403F-5E08-4adf-8386-6D34AF0ADBD3}"
                 ruleisdefault="false"
                 name="Oggetti CrystalReport ReportClass">
    <comment>Consente di escludere tutti i tipi con un supertipo di CrystalDecisions.CrystalReports.Engine.ReportClass</comment>
    <excludelist>
      <type name=".*"
            regex="true">
        <comment>Consente di escludere tutti i tipi con un supertipo di CrystalDecisions.CrystalReports.Engine.ReportClass</comment>
        <supertype name="CrystalDecisions\.CrystalReports\.Engine\.ReportClass"
                   regex="true" />
      </type>
    </excludelist>
  </referencerule>
  <referencerule rulekey="{89769974-93E9-4e71-8D92-BE70E855ACFC}"
                 ruleisdefault="true"
                 name="Impostazioni applicazioni autogenerate">
    <comment>Consente di escludere tutti i tipi con un supertipo di System.Configuration.ApplicationSettingsBase</comment>
    <excludelist>
      <type name=".*"
            regex="true">
        <supertype name="System\.Configuration\.ApplicationSettingsBase"
                   regex="true" />
      </type>
    </excludelist>
  </referencerule>
  <referencerule rulekey="{6f022A59-3AD6-4C69-8D9B-6870B9B9E362}"
                 ruleisdefault="false"
                 name="Attività del flusso di lavoro di Windows">
    <comment>Consente di escludere tutti i tipi con un supertipo di System.Workflow.ComponentModel.Activity</comment>
    <excludelist>
      <type name=".*"
            regex="true">
        <supertype name=".*Activity"
                   regex="true" />
      </type>
    </excludelist>
  </referencerule>
  <referencerule rulekey="{4D81E604-A545-4631-8B6D-C3735F793F80}"
                 ruleisdefault="true"
                 name="Agenti di attività pianificate di Windows Phone">
    <comment>Consente di escludere tutti i tipi con un supertipo di Microsoft.Phone.Scheduler.ScheduledTaskAgent</comment>
    <excludelist>
      <type name=".*"
            regex="true">
        <supertype name="Microsoft.Phone.Scheduler.ScheduledTaskAgent" />
      </type>
    </excludelist>
  </referencerule>
   <referencerule rulekey="{62bd3899-7d53-4336-8ca2-4e5dbae187d5}"
                 ruleisdefault="true"
                 name="Proprietà di tipi anonimi con CompilerGeneratedAttribute">
    <comment>Esclude tutte le proprietà di tipi anonimi con System.Runtime.CompilerServices.CompilerGeneratedAttribute</comment>
    <excludelist>
     <type name=".*AnonymousType.*" regex="true" excludetype="false">
        <customattribute name="System\.Runtime\.CompilerServices\.CompilerGeneratedAttribute" regex="true" />
        <propertymember name="*" regex="true" />
      </type>
    </excludelist>
  </referencerule>
</dotfuscatorreferencerules>