﻿<?xml version="1.0" encoding="utf-8" standalone="no"?>
<!DOCTYPE dotfuscatorreferencerules SYSTEM "http://www.preemptive.com/dotfuscator/dtd/dotfuscatorReferenceRule_v1.1.dtd">
<dotfuscatorreferencerules>
  <referencerule rulekey="{F4074361-D4CE-4e40-B907-BA9668A45996}"
                 ruleisdefault="false"
                 name="WCF 계약 개체">
    <comment>OperationContract, ServiceContract, DataContract 또는 DataMember 특성으로 데코레이팅된 형식 및 멤버를 제거하지 않도록 방지합니다.</comment>
    <triggerlist>
      <type name=".*"
            regex="true">
        <customattribute name="System\.ServiceModel\.ServiceContractAttribute"
                         regex="true"
                         allowinheritance="true" />
        <customattribute name="System\.Runtime\.Serialization\.DataContractAttribute"
                         regex="true" />
        <method name=".*"
                regex="true">
          <customattribute name="System\.ServiceModel\.OperationContractAttribute"
                           regex="true" />
        </method>
        <field name="Field"
               regex="true">
          <customattribute name="System\.Runtime\.Serialization\.DataMemberAttribute"
                           regex="true" />
        </field>
        <propertymember name=".*"
                        regex="true">
          <customattribute name="System\.Runtime\.Serialization\.DataMemberAttribute"
                           regex="true" />
        </propertymember>
      </type>
    </triggerlist>
  </referencerule>
  <referencerule rulekey="{6655B10A-FD58-462d-8D4F-5B1316DFF0FF}"
                 ruleisdefault="true"
                 name="자동 생성된 ResourceManager">
    <comment>Visual Studio에서 자동 생성된 리소스 클래스를 제외합니다. 리플렉션을 사용하여 문자열 값으로 지정된 클래스 이름 기반 ResourceManager 인스턴스를 생성합니다.</comment>
    <excludelist>
      <type name=".*[(Properties)(My)]\.Resources"
            regex="true" />
    </excludelist>
  </referencerule>
  <referencerule rulekey="{7D9C8B02-2383-420f-8740-A9760394C2C1}"
                 ruleisdefault="true"
                 name="Serializable로 표시된 형식 및 필드">
    <comment>모든 serialize할 수 있는 형식을 제외합니다.  또한 모든 serialize할 수 있는 필드를 이름 바꾸기에서 제외합니다.</comment>
    <excludelist>
      <type name=".*"
            regex="true"
            speclist="+serializable">
        <comment>모든 serialize할 수 있는 형식을 제외합니다.  또한 모든 serialize할 수 있는 필드를 이름 바꾸기에서 제외합니다.</comment>
        <field name=".*"
               speclist="-notserialized"
               regex="true" />
      </type>
    </excludelist>
  </referencerule>
  <referencerule rulekey="{229FD6F8-5BCC-427b-8F72-A7A413ECDF1A}"
                 ruleisdefault="true"
                 name="System.Web.Services 특성을 사용하는 형식">
    <comment>특성으로 데코레이팅된 모든 형식을 System.Web.Services 네임스페이스에서 제외합니다.</comment>
    <excludelist>
      <type name=".*"
            regex="true">
        <comment>특성으로 데코레이팅된 모든 형식을 System.Web.Services 네임스페이스에서 제외합니다.</comment>
        <customattribute name="System.Web.Services.*"
                         regex="true" />
      </type>
    </excludelist>
  </referencerule>
  <referencerule rulekey="{2B7E7C8C-A39A-4db8-9DFC-6AFD38509061}"
                 ruleisdefault="true"
                 name="System.Web.Services 특성을 사용하는 메서드">
    <comment>특성으로 데코레이팅된 모든 메서드를 System.Web.Services 네임스페이스에서 제외합니다.</comment>
    <excludelist>
      <type name=".*"
            regex="true"
            excludetype="false">
        <comment>특성으로 데코레이팅된 모든 메서드를 System.Web.Services 네임스페이스에서 제외합니다.</comment>
        <method name=".*"
                regex="true">
          <customattribute name="System.Web.Services.*"
                           regex="true" />
        </method>
      </type>
    </excludelist>
  </referencerule>
  <referencerule rulekey="{D97286EB-CF80-4ae8-94D4-E90131E6D0D7}"
                 ruleisdefault="false"
                 name="AccessedThroughPropertyAttribute를 사용하는 필드">
    <comment>AccessedThroughPropertyAttribute로 데코레이팅된 필드를 System.Runtime.CompilerServices 네임스페이스에서 제외합니다. Visual Basic에서는 모든 액세스 가능한 WithEvents 속성은 이 특성을 가진 전용 필드를 포함합니다. 이 특성은 컴파일 중에 제거되지 않으므로 리플렉션을 통해 다른 어셈블리가 검사할 수 있습니다. 따라서 이 규칙은 라이브러리 모드일 때만 사용되어야 합니다.</comment>
    <excludelist>
      <type name=".*"
            regex="true"
            excludetype="false">
        <comment>AccessedThroughPropertyAttribute로 데코레이팅된 필드를 System.Runtime.CompilerServices 네임스페이스에서 제외합니다. Visual Basic에서는 모든 액세스 가능한 WithEvents 속성은 이 특성을 가진 전용 필드를 포함합니다. 이 특성은 컴파일 중에 제거되지 않으므로 리플렉션을 통해 다른 어셈블리가 검사할 수 있습니다. 따라서 이 규칙은 라이브러리 모드일 때만 사용되어야 합니다.</comment>
        <field name=".*"
               regex="true">
          <customattribute name="System\.Runtime\.CompilerServices\.AccessedThroughPropertyAttribute"
                           regex="true" />
        </field>
      </type>
    </excludelist>
  </referencerule>
  <referencerule rulekey="{494EA3BA-B947-44B5-BEE8-A11CC85AAF9B}"
                 ruleisdefault="true"
                 name="Silverlight 및 WPF UserControl의 필드">
    <comment>System.Windows.Controls.UserControl의 슈퍼 형식인 모든 필드 형식을 제외합니다.</comment>
    <excludelist>
      <type name=".*"
            regex="true"
            excludetype="false">
        <field name=".*"
               regex="true" />
        <supertype name="System.Windows.Controls.UserControl" />
      </type>
    </excludelist>
  </referencerule>
  <referencerule rulekey="{AB89403F-5E08-4adf-8386-6D34AF0ADBD3}"
                 ruleisdefault="false"
                 name="CrystalReport ReportClass 개체">
    <comment>CrystalDecisions.CrystalReports.Engine.ReportClass의 슈퍼 형식인 모든 형식을 제외합니다.</comment>
    <excludelist>
      <type name=".*"
            regex="true">
        <comment>CrystalDecisions.CrystalReports.Engine.ReportClass의 슈퍼 형식인 모든 형식을 제외합니다.</comment>
        <supertype name="CrystalDecisions\.CrystalReports\.Engine\.ReportClass"
                   regex="true" />
      </type>
    </excludelist>
  </referencerule>
  <referencerule rulekey="{89769974-93E9-4e71-8D92-BE70E855ACFC}"
                 ruleisdefault="true"
                 name="자동 생성된 응용 프로그램 설정">
    <comment>System.Configuration.ApplicationSettingsBase의 슈퍼 형식인 모든 형식을 제외합니다.</comment>
    <excludelist>
      <type name=".*"
            regex="true">
        <supertype name="System\.Configuration\.ApplicationSettingsBase"
                   regex="true" />
      </type>
    </excludelist>
  </referencerule>
  <referencerule rulekey="{6f022A59-3AD6-4C69-8D9B-6870B9B9E362}"
                 ruleisdefault="false"
                 name="Windows 워크플로 작업">
    <comment>System.Workflow.ComponentModel.Activity의 슈퍼 형식인 모든 형식을 제외합니다.</comment>
    <excludelist>
      <type name=".*"
            regex="true">
        <supertype name=".*Activity"
                   regex="true" />
      </type>
    </excludelist>
  </referencerule>
  <referencerule rulekey="{4D81E604-A545-4631-8B6D-C3735F793F80}"
                 ruleisdefault="true"
                 name="Windows Phone 예약 작업 에이전트">
    <comment>Microsoft.Phone.Scheduler.ScheduledTaskAgent의 슈퍼 형식인 모든 형식을 제외합니다.</comment>
    <excludelist>
      <type name=".*"
            regex="true">
        <supertype name="Microsoft.Phone.Scheduler.ScheduledTaskAgent" />
      </type>
    </excludelist>
  </referencerule>
   <referencerule rulekey="{62bd3899-7d53-4336-8ca2-4e5dbae187d5}"
                 ruleisdefault="true"
                 name="CompilerGeneratedAttribute의 익명 유형 재산">
    <comment>System.Runtime.CompilerServices.CompilerGeneratedAttribute을 포함한 익명 유형의 모든 재산은 제외합니다.</comment>
    <excludelist>
     <type name=".*AnonymousType.*" regex="true" excludetype="false">
        <customattribute name="System\.Runtime\.CompilerServices\.CompilerGeneratedAttribute" regex="true" />
        <propertymember name="*" regex="true" />
      </type>
    </excludelist>
  </referencerule>
</dotfuscatorreferencerules>